MCCMNC,ISO,Network
28988,ge,A-Mobile
28968,ge,A-Mobile
28967,ge,Aquafon
41288,af,Afghan Telecom Corp. (AT)
41280,af,Afghan Telecom Corp. (AT)
41201,af,Afghan Wireless/AWCC
41240,af,Areeba/MTN
41250,af,Etisalat
41230,af,Etisalat
41220,af,Roshan/TDCA
41203,af,WaselTelecom (WT)
27601,al,AMC/Cosmote
27603,al,Eagle Mobile
27604,al,PLUS Communication Sh.a
27602,al,Vodafone
60301,dz,ATM Mobils
60302,dz,Orascom / DJEZZY
60303,dz,Oreedo/Wataniya / Nedjma
54411,as,Blue Sky Communications
21303,ad,Mobiland
63104,ao,MoviCel
63102,ao,Unitel
365840,ai,Cable and Wireless
365010,ai,Digicell / Wireless Vent. Ltd
344030,ag,APUA PCS
344920,ag,C & W
344930,ag,DigiCel/Cing. Wireless
722310,ar,Claro/ CTI/AMX
722330,ar,Claro/ CTI/AMX
722320,ar,Claro/ CTI/AMX
722010,ar,Compania De Radiocomunicaciones Moviles SA
722070,ar,Movistar/Telefonica
722020,ar,Nextel
722340,ar,Telecom Personal S.A.
722341,ar,Telecom Personal S.A.
28301,am,ArmenTel/Beeline
28304,am,Karabakh Telecom
28310,am,Orange
28305,am,Vivacell
36320,aw,Digicel
36302,aw,Digicel
36301,aw,Setar GSM
50514,au,AAPT Ltd.
50524,au,Advanced Comm Tech Pty.
50509,au,Airnet Commercial Australia Ltd..
50504,au,Department of Defense
50526,au,Dialogue Communications Pty Ltd
50512,au,H3G Ltd.
50506,au,H3G Ltd.
50588,au,Localstar Holding Pty. Ltd
50519,au,Lycamobile Pty Ltd
50508,au,Railcorp/Vodafone
50599,au,Railcorp/Vodafone
50513,au,Railcorp/Vodafone
50502,au,Singtel Optus
50590,au,Singtel Optus
50511,au,Telstra Corp. Ltd.
50571,au,Telstra Corp. Ltd.
50572,au,Telstra Corp. Ltd.
50501,au,Telstra Corp. Ltd.
50505,au,The Ozitel Network Pty.
50516,au,Victorian Rail Track Corp. (VicTrack)
50507,au,Vodafone
50503,au,Vodafone
23202,at,A1 MobilKom
23201,at,A1 MobilKom
23211,at,A1 MobilKom
23209,at,A1 MobilKom
23215,at,T-Mobile/Telering
23210,at,H3G
23214,at,H3G
23205,at,3/Orange/One Connect
23212,at,3/Orange/One Connect
23206,at,3/Orange/One Connect
23217,at,Spusu/Mass Response
23204,at,T-Mobile/Telering
23203,at,T-Mobile/Telering
23207,at,T-Mobile/Telering
23219,at,Tele2
23208,at,A1 MobilKom
23213,at,UPC Austria
40001,az,Azercell Telekom B.M.
40004,az,Azerfon.
40003,az,Caspian American Telecommunications LLC (CATEL)
40002,az,J.V. Bakcell GSM 2000
364390,bs,Bahamas Telco. Comp.
36439,bs,Bahamas Telco. Comp.
36430,bs,Bahamas Telco. Comp.
36403,bs,Smart Communications
42601,bh,Batelco
42602,bh,ZAIN/Vodafone
42604,bh,VIVA
47002,bd,Robi/Aktel
47005,bd,Citycell
47006,bd,Citycell
47001,bd,GrameenPhone
47003,bd,Orascom/Banglalink
47004,bd,TeleTalk
47007,bd,Airtel/Warid
342600,bb,LIME
342810,bb,Cingular Wireless
342750,bb,Digicel
342050,bb,Digicel
342820,bb,Sunbeach
25703,by,BelCel JV
25704,by,BeST
25701,by,Mobile Digital Communications
25702,by,MTS
20620,be,Base/KPN
20601,be,Belgacom/Proximus
20606,be,Lycamobile Belgium
20610,be,Mobistar/Orange
20602,be,SNCT/NMBS
20605,be,Telenet BidCo NV
70267,bz,DigiCell
70268,bz,International Telco (INTELCO)
61604,bj,Bell Benin/BBCOM
61602,bj,Etisalat/MOOV
61605,bj,GloMobile
61601,bj,Libercom
61603,bj,MTN/Spacetel
350000,bm,Bermuda Digital Communications Ltd (BDC)
35099,bm,CellOne Ltd
35010,bm,DigiCel / Cingular
35002,bm,M3 Wireless Ltd
35001,bm,Telecommunications (Bermuda & West Indies) Ltd (Digicel Bermuda)
40211,bt,B-Mobile
40217,bt,Bhutan Telecom Ltd (BTL)
40277,bt,TashiCell
73602,bo,Entel Pcs
73601,bo,Viva/Nuevatel
73603,bo,Tigo
21890,ba,BH Mobile
21803,ba,Eronet Mobile
21805,ba,M-Tel
65204,bw,BeMOBILE
65201,bw,Mascom Wireless (Pty) Ltd.
65202,bw,Orange
72412,br,Claro/Albra/America Movil
72438,br,Claro/Albra/America Movil
72405,br,Claro/Albra/America Movil
72401,br,Vivo S.A./Telemig
72434,br,CTBC Celular SA (CTBC)
72433,br,CTBC Celular SA (CTBC)
72432,br,CTBC Celular SA (CTBC)
72408,br,TIM
72400,br,Nextel (Telet)
72439,br,Nextel (Telet)
72416,br,Brazil Telcom
72430,br,Oi (TNL PCS / Oi)
72431,br,Oi (TNL PCS / Oi)
72424,br,Amazonia Celular S/A
72454,br,PORTO SEGURO TELECOMUNICACOES
72415,br,Sercontel Cel
72407,br,CTBC/Triangulo
72419,br,Vivo S.A./Telemig
72403,br,TIM
72402,br,TIM
72404,br,TIM
72437,br,Unicel do Brasil Telecomunicacoes Ltda
72423,br,Vivo S.A./Telemig
72411,br,Vivo S.A./Telemig
72410,br,Vivo S.A./Telemig
72406,br,Vivo S.A./Telemig
348570,vg,Caribbean Cellular
348770,vg,Digicel
348170,vg,LIME
52802,bn,b-mobile
52811,bn,Datastream (DTSCom)
52801,bn,Telekom Brunei Bhd (TelBru)
28406,bg,BTC Mobile EOOD (vivatel)
28403,bg,BTC Mobile EOOD (vivatel)
28405,bg,Telenor/Cosmo/Globul
28401,bg,MobilTel AD
61303,bf,TeleCel
61301,bf,TeleMob-OnaTel
61302,bf,Airtel/ZAIN/CelTel
64202,bi,Africel / Safaris
64208,bi,Lumitel/Viettel
64203,bi,Onatel / Telecel
64207,bi,Smart Mobile / LACELL
64201,bi,Spacetel / Econet / Leo
64282,bi,Spacetel / Econet / Leo
45604,kh,Cambodia Advance Communications Co. Ltd (CADCOMMS)
45602,kh,Smart Mobile
45608,kh,Metfone
45618,kh,MFone/Camshin/Cellcard
45601,kh,Mobitel/Cam GSM
45603,kh,QB/Cambodia Adv. Comms.
45605,kh,Smart Mobile
45606,kh,Smart Mobile
45609,kh,Sotelco/Beeline
62401,cm,MTN
62404,cm,Nextel
62402,cm,Orange
302652,ca,BC Tel Mobility
302630,ca,Bell Aliant
302651,ca,Bell Mobility
302610,ca,Bell Mobility
302670,ca,CityWest Mobility
302360,ca,Clearnet
302361,ca,Clearnet
302380,ca,DMTS Mobility
302710,ca,Globalstar Canada
302640,ca,Latitude Wireless
302370,ca,FIDO (Rogers AT&T/ Microcell)
302320,ca,mobilicity
302702,ca,MT&T Mobility
302655,ca,MTS Mobility
302660,ca,MTS Mobility
302701,ca,NB Tel Mobility
302703,ca,New Tel Mobility
302760,ca,Public Mobile
302657,ca,Quebectel Mobility
302720,ca,Rogers AT&T Wireless
302780,ca,Sask Tel Mobility
302654,ca,Sask Tel Mobility
302680,ca,Sask Tel Mobility
302656,ca,Tbay Mobility
302220,ca,Telus Mobility
302653,ca,Telus Mobility
302500,ca,Videotron
302490,ca,WIND
62501,cv,CV Movel
62502,cv,T+ Telecom
346050,ky,Digicel Cayman Ltd
346006,ky,Digicel Ltd.
346140,ky,LIME / Cable & Wirel.
62301,cf,Centrafr. Telecom+
62304,cf,Nationlink
62303,cf,Orange/Celca
62302,cf,Telecel Centraf.
62204,td,Salam/Sotel
62202,td,Tchad Mobile
62203,td,Tigo/Milicom/Tchad Mobile
62201,td,Airtel/ZAIN/Celtel
73006,cl,Blue Two Chile SA
73011,cl,Celupago SA
73015,cl,Cibeles Telecom SA
73003,cl,Claro
73010,cl,Entel Telefonia
73001,cl,Entel Telefonia Mov
73014,cl,Netline Telefonica Movil Ltda
73004,cl,Nextel SA
73009,cl,Nextel SA
73005,cl,Nextel SA
73019,cl,Sociedad Falabella Movil SPA
73002,cl,TELEFONICA
73007,cl,TELEFONICA
73012,cl,Telestar Movil SA
73000,cl,TESAM SA
73013,cl,Tribe Mobile SPA
73008,cl,VTR Banda Ancha SA
46007,cn,China Mobile GSM
46000,cn,China Mobile GSM
46002,cn,China Mobile GSM
46004,cn,China Space Mobile Satellite Telecommunications Co. Ltd (China Spacecom)
46005,cn,China Telecom
46003,cn,China Telecom
46006,cn,China Unicom
46001,cn,China Unicom
732130,co,Avantel SAS
732102,co,Movistar
732103,co,TIGO/Colombia Movil
732001,co,TIGO/Colombia Movil
732101,co,Comcel S.A. Occel S.A./Celcaribe
732002,co,Edatel S.A.
732187,co,eTb
732123,co,Movistar
732111,co,TIGO/Colombia Movil
732142,co,UNE EPM Telecomunicaciones SA ESP
732020,co,UNE EPM Telecomunicaciones SA ESP
732154,co,Virgin Mobile Colombia SAS
65401,km,HURI - SNPT
63090,cd,Africell
63086,cd,Orange RDC sarl
63005,cd,SuperCell
63089,cd,TIGO/Oasis
63001,cd,Vodacom
63088,cd,Yozma Timeturns sprl (YTT)
63002,cd,Airtel/ZAIN
62901,cg,Airtel SA
62902,cg,Azur SA (ETC)
62910,cg,MTN/Libertis
62907,cg,Warid
54801,ck,Telecom Cook Islands
71203,cr,Claro
71202,cr,ICE
71201,cr,ICE
71204,cr,Movistar
71220,cr,Virtualis
21901,hr,T-Mobile/Cronet
21902,hr,Tele2
21910,hr,VIPnet d.o.o.
36801,cu,C-COM
36295,cw,EOCG Wireless NV
36269,cw,Polycom N.V./ Digicel
28010,cy,MTN/Areeba
28020,cy,PrimeTel PLC
28001,cy,Vodafone/CyTa
23008,cz,Compatel s.r.o.
23002,cz,O2
23001,cz,T-Mobile / RadioMobil
23005,cz,Travel Telekommunikation s.r.o.
23004,cz,Ufone
23099,cz,Vodafone
23003,cz,Vodafone
23805,dk,ApS KBUS
23823,dk,Banedanmark
23828,dk,CoolTEL ApS
23806,dk,H3G
23812,dk,Lycamobile Ltd
23803,dk,Mach Connectivity ApS
23807,dk,Mundio Mobile
23804,dk,NextGen Mobile Ltd (CardBoardFish)
23810,dk,TDC Denmark
23801,dk,TDC Denmark
23802,dk,Telenor/Sonofon
23877,dk,Telenor/Sonofon
23820,dk,Telia
23830,dk,Telia
63801,dj,Djibouti Telecom SA (Evatis)
366110,dm,C & W
366020,dm,Cingular Wireless/Digicel
366050,dm,Wireless Ventures (Dominica) Ltd (Digicel Dominica)
37002,do,Claro
37001,do,Orange
37003,do,TRIcom
37004,do,Trilogy Dominicana S. A.
74002,ec,Alegro/Telcsa
74000,ec,MOVISTAR/OteCel
74001,ec,Claro/Porta
60201,eg,Orange/Mobinil
60203,eg,ETISALAT
60202,eg,Vodafone/Mirsfone
70601,sv,CLARO/CTE
70602,sv,Digicel
70605,sv,INTELFON SA de CV
70604,sv,Telefonica
70603,sv,Telemovil
62703,gq,HiTs-GE
62701,gq,ORANGE/GETESA
65701,er,Eritel
24801,ee,EMT GSM
24802,ee,Radiolinja Eesti
24803,ee,Tele2 Eesti AS
24804,ee,Top Connect OU
63601,et,ETH/MTN
750001,fk,Cable and Wireless South Atlantic Ltd (Falkland Islands
28803,fo,Edge Mobile Sp/F
28801,fo,Faroese Telecom
28802,fo,Kall GSM
54202,fj,DigiCell
54201,fj,Vodafone
24414,fi,Alands
24426,fi,Compatel Ltd
24403,fi,DNA/Finnet
24412,fi,DNA/Finnet
24413,fi,DNA/Finnet
24404,fi,DNA/Finnet
24421,fi,Elisa/Saunalahti
24405,fi,Elisa/Saunalahti
24482,fi,ID-Mobile
24411,fi,Mundio Mobile (Finland) Ltd
24409,fi,Nokia Oyj
24410,fi,TDC Oy Finland
24491,fi,TeliaSonera
20827,fr,AFONE SA
20892,fr,Association Plate-forme Telecom
20828,fr,Astrium
20888,fr,Bouygues Telecom
20821,fr,Bouygues Telecom
20820,fr,Bouygues Telecom
20814,fr,Lliad/FREE Mobile
20807,fr,GlobalStar
20806,fr,GlobalStar
20805,fr,GlobalStar
20829,fr,Orange
20817,fr,Legos - Local Exchange Global Operation Services SA
20816,fr,Lliad/FREE Mobile
20815,fr,Lliad/FREE Mobile
20825,fr,Lycamobile SARL
20824,fr,MobiquiThings
20803,fr,MobiquiThings
20831,fr,Mundio Mobile (France) Ltd
20826,fr,NRJ
20889,fr,Virgin Mobile/Omer
20823,fr,Virgin Mobile/Omer
20891,fr,Orange
20802,fr,Orange
20801,fr,Orange
20813,fr,S.F.R.
20811,fr,S.F.R.
20810,fr,S.F.R.
20809,fr,S.F.R.
20804,fr,SISTEER
20800,fr,Tel/Tel
20822,fr,Transatel SA
34020,fg,Bouygues/DigiCel
34001,fg,Orange Caribe
34002,fg,Outremer Telecom
34011,fg,TelCell GSM
34003,fg,TelCell GSM
54715,pf,Pacific Mobile Telecom (PMT)
54720,pf,Vini/Tikiphone
62804,ga,Azur/Usan S.A.
62801,ga,Libertis S.A.
62802,ga,MOOV/Telecel
62803,ga,Airtel/ZAIN/Celtel Gabon S.A.
60702,gm,Africel
60703,gm,Comium
60701,gm,Gamcel
60704,gm,Q-Cell
28201,ge,Geocell Ltd.
28203,ge,Iberiatel Ltd.
28202,ge,Magti GSM Ltd.
28204,ge,MobiTel/Beeline
28205,ge,Silknet
26217,de,E-Plus
26210,de,DB Netz AG
26277,de,E-Plus
26203,de,E-Plus
26205,de,E-Plus
26212,de,E-Plus
26220,de,E-Plus
26214,de,Group 3G UMTS
26243,de,Lycamobile
26213,de,Mobilcom
26208,de,O2
26211,de,O2
26207,de,O2
26206,de,T-mobile/Telekom
26201,de,T-mobile/Telekom
26216,de,Telogic/ViStream
26204,de,Vodafone D2
26202,de,Vodafone D2
26242,de,Vodafone D2
26209,de,Vodafone D2
62004,gh,Expresso Ghana Ltd
62007,gh,GloMobile
62003,gh,Milicom/Tigo
62001,gh,MTN
62002,gh,Vodafone
62006,gh,Airtel/ZAIN
26606,gi,CTS Mobile
26609,gi,eazi telecom
26601,gi,Gibtel GSM
20207,gr,AMD Telecom SA
20202,gr,Cosmote
20201,gr,Cosmote
20214,gr,CyTa Mobile
20204,gr,Organismos Sidirodromon Ellados (OSE)
20203,gr,OTE Hellenic Telecommunications Organization SA
20210,gr,Tim/Wind
20209,gr,Tim/Wind
20205,gr,Vodafone
29001,gl,Tele Greenland
352110,gd,Cable & Wireless
352030,gd,Digicel
352050,gd,Digicel
34008,gp,Dauphin Telecom SU (Guadeloupe Telecom)
310370,gu,Docomo
310470,gu,Docomo
310140,gu,GTA Wireless
310033,gu,Guam Teleph. Auth.
310032,gu,IT&E OverSeas
311250,gu,Wave Runner LLC
70401,gt,Claro
70403,gt,Telefonica
70402,gt,TIGO/COMCEL
61104,gn,MTN/Areeba
61105,gn,Celcom
61103,gn,Intercel
61101,gn,Orange/Sonatel/Spacetel
61102,gn,SotelGui
63201,gw,GuineTel
63203,gw,Orange
63202,gw,SpaceTel
73802,gy,Cellink Plus
73801,gy,DigiCel
37201,ht,Comcel
37202,ht,Digicel
37203,ht,National Telecom SA (NatCom)
708040,hn,Digicel
708030,hn,HonduTel
708001,hn,SERCOM/CLARO
708002,hn,Telefonica/CELTEL
45428,hk,China Mobile/Peoples
45413,hk,China Mobile/Peoples
45412,hk,China Mobile/Peoples
45409,hk,China Motion
45407,hk,China Unicom Ltd
45411,hk,China-HongKong Telecom Ltd (CHKTL)
45401,hk,Citic Telecom Ltd.
45402,hk,CSL Ltd.
45400,hk,CSL Ltd.
45418,hk,CSL Ltd.
45410,hk,CSL/New World PCS Ltd.
45404,hk,H3G/Hutchinson
45403,hk,H3G/Hutchinson
45414,hk,H3G/Hutchinson
45405,hk,H3G/Hutchinson
45420,hk,HKT/PCCW
45429,hk,HKT/PCCW
45416,hk,HKT/PCCW
45419,hk,HKT/PCCW
45447,hk,shared by private TETRA systems
45440,hk,shared by private TETRA systems
45408,hk,Truephone
45417,hk,Vodafone/SmarTone
45415,hk,Vodafone/SmarTone
45406,hk,Vodafone/SmarTone
21601,hu,Pannon/Telenor
21630,hu,T-mobile/Magyar
21671,hu,UPC Magyarorszag Kft.
21670,hu,Vodafone
27409,is,Amitelo
27407,is,IceCell
27408,is,Siminn
27401,is,Siminn
27411,is,NOVA
27404,is,VIKING/IMC
27402,is,Vodafone/Tal hf
27405,is,Vodafone/Tal hf
27403,is,Vodafone/Tal hf
40442,in,Aircel
40433,in,Aircel
40429,in,Aircel
40428,in,Aircel
40425,in,Aircel
40417,in,Aircel
40401,in,Aircel Digilink India
40415,in,Aircel Digilink India
40460,in,Aircel Digilink India
40553,in,AirTel
40486,in,Barakhamba Sales & Serv.
40413,in,Barakhamba Sales & Serv.
40474,in,BSNL
40438,in,BSNL
40480,in,BSNL
40457,in,BSNL
40473,in,BSNL
40434,in,BSNL
40455,in,BSNL
40466,in,BSNL
40472,in,BSNL
40477,in,BSNL
40454,in,BSNL
40464,in,BSNL
40471,in,BSNL
40476,in,BSNL
40453,in,BSNL
40462,in,BSNL
40459,in,BSNL
40475,in,BSNL
40451,in,BSNL
40481,in,BSNL
40458,in,BSNL
40410,in,Bharti Airtel Limited (Delhi)
404045,in,Bharti Airtel Limited (Karnataka) (India)
40479,in,CellOne A&N
40489,in,Escorts Telecom Ltd.
40488,in,Escorts Telecom Ltd.
40487,in,Escorts Telecom Ltd.
40482,in,Escorts Telecom Ltd.
40412,in,Escotel Mobile Communications
40419,in,Escotel Mobile Communications
40456,in,Escotel Mobile Communications
40505,in,Fascel Limited
40405,in,Fascel
40470,in,Hexacom India
40416,in,Hexcom India
40422,in,Idea Cellular Ltd.
40478,in,Idea Cellular Ltd.
40407,in,Idea Cellular Ltd.
40404,in,Idea Cellular Ltd.
40424,in,Idea Cellular Ltd.
40468,in,Mahanagar Telephone Nigam
40469,in,Mahanagar Telephone Nigam
40483,in,Reliable Internet Services
40450,in,Reliance Telecom Private
40467,in,Reliance Telecom Private
40418,in,Reliance Telecom Private
40485,in,Reliance Telecom Private
40409,in,Reliance Telecom Private
40436,in,Reliance Telecom Private
40452,in,Reliance Telecom Private
40441,in,RPG Cellular
40444,in,Spice
40414,in,Spice
40411,in,Sterling Cellular Ltd.
405034,in,TATA / Karnataka
40430,in,Usha Martin Telecom
51008,id,Axis/Natrindo
51099,id,Esia (PT Bakrie Telecom) (CDMA)
51007,id,Flexi (PT Telkom) (CDMA)
51089,id,H3G CP
51001,id,Indosat/Satelindo/M3
51021,id,Indosat/Satelindo/M3
51000,id,PT Pasifik Satelit Nusantara (PSN)
51027,id,PT Sampoerna Telekomunikasi Indonesia (STI)
51028,id,PT Smartfren Telecom Tbk
51009,id,PT Smartfren Telecom Tbk
51011,id,PT. Excelcom
51010,id,Telkomsel
90113,n/a,Antarctica
43219,ir,Mobile Telecommunications Company of Esfahan JV-PJS (MTCE)
43270,ir,MTCE
43235,ir,MTN/IranCell
43220,ir,Rightel
43232,ir,Taliya
43211,ir,MCI/TCI
43214,ir,TKC/KFZO
41805,iq,Asia Cell
41892,iq,Itisaluna and Kalemat
41882,iq,Korek
41840,iq,Korek
41845,iq,Mobitel (Iraq-Kurdistan) and Moutiny
41830,iq,Orascom Telecom
41820,iq,ZAIN/Atheer/Orascom
41808,iq,Sanatel
27204,ie,Access Telecom Ltd.
27209,ie,Clever Communications Ltd
27207,ie,eircom Ltd
27205,ie,Three/H3G
27211,ie,Tesco Mobile/Liffey Telecom
27213,ie,Lycamobile
27203,ie,Meteor Mobile Ltd.
27202,ie,Three/O2/Digifone
27201,ie,Vodafone Eircell
42514,il,Alon Cellular Ltd
42502,il,Cellcom ltd.
42508,il,Golan Telekom
42515,il,Home Cellular Ltd
42577,il,Hot Mobile/Mirs
42507,il,Hot Mobile/Mirs
42501,il,Orange/Partner Co. Ltd.
42512,il,Pelephone
42503,il,Pelephone
42516,il,Rami Levy Hashikma Marketing Communications Ltd
42519,il,Telzar/AZI
22234,it,BT Italia SpA
22202,it,Elsacom
22208,it,Fastweb SpA
22200,it,Fix Line
22299,it,Hi3G
22277,it,IPSE 2000
22235,it,Lycamobile Srl
22207,it,Noverca Italia Srl
22233,it,PosteMobile SpA
22230,it,RFI Rete Ferroviaria Italiana SpA
22248,it,Telecom Italia Mobile SpA
22243,it,Telecom Italia Mobile SpA
22201,it,TIM
22210,it,Vodafone
22206,it,Vodafone
22244,it,WIND (Blu) -
22288,it,WIND (Blu) -
61207,ci,Aircomm SA
61202,ci,Atlantik Tel./Moov
61204,ci,Comium
61201,ci,Comstar
61205,ci,MTN
61203,ci,Orange
61206,ci,OriCell
338110,jm,Cable & Wireless
338020,jm,Cable & Wireless
338180,jm,Cable & Wireless
338050,jm,DIGICEL/Mossel
44000,jp,Y-Mobile
44056,jp,KDDI Corporation
44170,jp,KDDI Corporation
44052,jp,KDDI Corporation
44076,jp,KDDI Corporation
44071,jp,KDDI Corporation
44053,jp,KDDI Corporation
44077,jp,KDDI Corporation
44008,jp,KDDI Corporation
44072,jp,KDDI Corporation
44054,jp,KDDI Corporation
44079,jp,KDDI Corporation
44007,jp,KDDI Corporation
44073,jp,KDDI Corporation
44055,jp,KDDI Corporation
44088,jp,KDDI Corporation
44050,jp,KDDI Corporation
44074,jp,KDDI Corporation
44070,jp,KDDI Corporation
44089,jp,KDDI Corporation
44051,jp,KDDI Corporation
44075,jp,KDDI Corporation
44199,jp,NTT Docomo
44034,jp,NTT Docomo
44069,jp,NTT Docomo
44016,jp,NTT Docomo
44025,jp,NTT Docomo
44064,jp,NTT Docomo
44037,jp,NTT Docomo
44027,jp,NTT Docomo
44002,jp,NTT Docomo
44022,jp,NTT Docomo
44143,jp,NTT Docomo
44031,jp,NTT Docomo
44087,jp,NTT Docomo
44017,jp,NTT Docomo
44192,jp,NTT Docomo
44065,jp,NTT Docomo
44036,jp,NTT Docomo
44028,jp,NTT Docomo
44003,jp,NTT Docomo
44012,jp,NTT Docomo
44058,jp,NTT Docomo
44032,jp,NTT Docomo
44061,jp,NTT Docomo
44018,jp,NTT Docomo
44191,jp,NTT Docomo
44193,jp,NTT Docomo
44140,jp,NTT Docomo
44066,jp,NTT Docomo
44035,jp,NTT Docomo
44029,jp,NTT Docomo
44009,jp,NTT Docomo
44049,jp,NTT Docomo
44033,jp,NTT Docomo
44060,jp,NTT Docomo
44019,jp,NTT Docomo
44190,jp,NTT Docomo
44194,jp,NTT Docomo
44141,jp,NTT Docomo
44067,jp,NTT Docomo
44014,jp,NTT Docomo
44030,jp,NTT Docomo
44010,jp,NTT Docomo
44062,jp,NTT Docomo
44039,jp,NTT Docomo
44024,jp,NTT Docomo
44145,jp,NTT Docomo
44198,jp,NTT Docomo
44142,jp,NTT Docomo
44068,jp,NTT Docomo
44015,jp,NTT Docomo
44026,jp,NTT Docomo
44011,jp,NTT Docomo
44063,jp,NTT Docomo
44038,jp,NTT Docomo
44013,jp,NTT Docomo
44023,jp,NTT Docomo
44001,jp,NTT Docomo
44021,jp,NTT Docomo
44144,jp,NTT Docomo
44099,jp,NTT Docomo
44078,jp,Okinawa Cellular Telephone
44041,jp,SoftBank Mobile Corp
44164,jp,SoftBank Mobile Corp
44046,jp,SoftBank Mobile Corp
44097,jp,SoftBank Mobile Corp
44042,jp,SoftBank Mobile Corp
44090,jp,SoftBank Mobile Corp
44165,jp,SoftBank Mobile Corp
44092,jp,SoftBank Mobile Corp
44098,jp,SoftBank Mobile Corp
44043,jp,SoftBank Mobile Corp
44093,jp,SoftBank Mobile Corp
44048,jp,SoftBank Mobile Corp
44006,jp,SoftBank Mobile Corp
44161,jp,SoftBank Mobile Corp
44044,jp,SoftBank Mobile Corp
44094,jp,SoftBank Mobile Corp
44004,jp,SoftBank Mobile Corp
44162,jp,SoftBank Mobile Corp
44045,jp,SoftBank Mobile Corp
44020,jp,SoftBank Mobile Corp
44096,jp,SoftBank Mobile Corp
44040,jp,SoftBank Mobile Corp
44163,jp,SoftBank Mobile Corp
44047,jp,SoftBank Mobile Corp
44095,jp,SoftBank Mobile Corp
44085,jp,KDDI Corporation
44083,jp,KDDI Corporation
44081,jp,KDDI Corporation
44080,jp,KDDI Corporation
44086,jp,KDDI Corporation
44084,jp,KDDI Corporation
44082,jp,KDDI Corporation
41677,jo,Orange/Petra
41603,jo,Umniah Mobile Co.
41602,jo,Xpress
41601,jo,ZAIN /J.M.T.S
40101,kz,Beeline/KaR-Tel LLP
40107,kz,Dalacom/Altel
40102,kz,K-Cell
40177,kz,Tele2/NEO/MTS
63905,ke,Econet Wireless
63907,ke,Orange
63902,ke,Safaricom Ltd.
63903,ke,Airtel/Zain/Celtel Ltd.
54509,ki,Kiribati Frigate
467193,kp,Sun Net
45002,kr,KT Freetel Co. Ltd.
45004,kr,KT Freetel Co. Ltd.
45008,kr,KT Freetel Co. Ltd.
45006,kr,LG Telecom
45003,kr,SK Telecom
45005,kr,SK Telecom Co. Ltd
41904,kw,Viva
41903,kw,Wataniya
41902,kw,Zain
43703,kg,AkTel LLC
43701,kg,Beeline/Bitel
43705,kg,MEGACOM
43709,kg,O!/NUR Telecom
45702,la,ETL Mobile
45701,la,Lao Tel
45708,la,Beeline/Tigo/Millicom
45703,la,UNITEL/LAT
24705,lv,Bite
24701,lv,Latvian Mobile Phone
24709,lv,SIA Camel Mobile
24708,lv,SIA IZZI
24707,lv,SIA Master Telecom
24706,lv,SIA Rigatta
24702,lv,Tele2
24703,lv,TRIATEL/Telekom Baltija
41533,lb,Cellis
41532,lb,Cellis
41535,lb,Cellis
41534,lb,FTML Cellis
41539,lb,MIC2/LibanCell/MTC
41538,lb,MIC2/LibanCell/MTC
41537,lb,MIC2/LibanCell/MTC
41501,lb,MIC1 (Alfa)
41503,lb,MIC2/LibanCell/MTC
41536,lb,MIC2/LibanCell/MTC
65102,ls,Econet/Ezi-cel
65101,ls,Vodacom Lesotho
61807,lr,CELLCOM
61804,lr,Comium BVI
61802,lr,Libercell
61820,lr,LibTelco
61801,lr,Lonestar
60602,ly,Al-Madar
60601,ly,Al-Madar
60606,ly,Hatef
60600,ly,Libyana
60603,ly,Libyana
29506,li,CUBIC (Liechtenstein
29507,li,First Mobile AG
29502,li,Orange
29501,li,Swisscom FL AG
29577,li,Alpmobile/Tele2
29505,li,Telecom FL1 AG
24602,lt,Bite
24601,lt,Omnitel
24603,lt,Tele2
27077,lu,Millicom Tango GSM
27001,lu,P+T/Post LUXGSM
27099,lu,Orange/VOXmobile S.A.
45504,mo,C.T.M. TELEMOVEL+
45501,mo,C.T.M. TELEMOVEL+
45502,mo,China Telecom
45505,mo,Hutchison Telephone Co. Ltd
45503,mo,Hutchison Telephone Co. Ltd
45506,mo,Smartone Mobile
45500,mo,Smartone Mobile
29475,mk,ONE/Cosmofone
29402,mk,ONE/Cosmofone
29401,mk,T-Mobile/Mobimak
29403,mk,VIP Mobile
64601,mg,Airtel/MADACOM
64602,mg,Orange/Soci
64603,mg,Sacel
64604,mg,Telma
65001,mw,TNM/Telekom Network Ltd.
65010,mw,Airtel/Zain/Celtel ltd.
50201,my,Art900
502151,my,Baraka Telecom Sdn Bhd
50213,my,CelCom
502198,my,CelCom
50219,my,CelCom
50216,my,Digi Telecommunications
50210,my,Digi Telecommunications
50220,my,Electcoms Wireless Sdn Bhd
50217,my,Maxis
50212,my,Maxis
50211,my,MTX Utara
502153,my,Webe/Packet One Networks (Malaysia) Sdn Bhd
502155,my,Samata Communications Sdn Bhd
502154,my,Tron/Talk Focus Sdn Bhd
50218,my,U Mobile
502195,my,XOX Com Sdn Bhd
502152,my,YES
47201,mv,Dhiraagu/C&W
47202,mv,Ooredo/Wataniya
61001,ml,Malitel
61002,ml,Orange/IKATEL
27821,mt,GO Mobile
27877,mt,Melita
27801,mt,Vodafone
34012,mq,UTS Caraibe
60902,mr,Chinguitel SA
60901,mr,Mattel
60910,mr,Mauritel
61710,mu,Emtel Ltd
61702,mu,Mahanagar Telephone
61703,mu,Mahanagar Telephone
61701,mu,Orange/Cellplus
33450,mx,AT&T/IUSACell
334050,mx,AT&T/IUSACell
334040,mx,AT&T/IUSACell
33404,mx,AT&T/IUSACell
334030,mx,Movistar/Pegaso
33403,mx,Movistar/Pegaso
33401,mx,NEXTEL
334090,mx,NEXTEL
334010,mx,NEXTEL
33409,mx,NEXTEL
334080,mx,Operadora Unefon SA de CV
334070,mx,Operadora Unefon SA de CV
334060,mx,SAI PCS
33402,mx,TelCel/America Movil
334020,mx,TelCel/America Movil
55001,fm,FSM Telecom
25904,md,Eventis Mobile
25905,md,IDC/Unite
25999,md,IDC/Unite
25903,md,IDC/Unite
25902,md,Moldcell
25901,md,Orange/Voxtel
21210,mc,Monaco Telecom
21201,mc,Monaco Telecom
42898,mn,G-Mobile Corporation Ltd
42899,mn,Mobicom
42891,mn,Skytel Co. Ltd
42800,mn,Skytel Co. Ltd
42888,mn,Unitel
29702,me,Monet/T-mobile
29703,me,Mtel
29701,me,Telenor/Promonte GSM
354860,ms,Cable & Wireless
60401,ma,IAM/Itissallat
60402,ma,INWI/WANA
60400,ma,Medi Telecom
64301,mz,mCel
64303,mz,Movitel
64304,mz,Vodacom
41401,mm,Myanmar Post & Teleco.
41405,mm,Oreedoo
41406,mm,Telenor
64903,na,Leo / Orascom
64901,na,MTC
64902,na,Switch/Nam. Telec.
42902,np,Ncell
42901,np,NT Mobile / Namaste
42904,np,Smart Cell
20414,nl,6GMOBILE BV
20423,nl,Aspider Solutions
20405,nl,Elephant Talk Communications Premium Rate Services Netherlands BV
20417,nl,Intercity Mobile Communications BV
20408,nl,KPN Telecom B.V.
20469,nl,KPN Telecom B.V.
20410,nl,KPN Telecom B.V.
20412,nl,KPN/Telfort
20428,nl,Lancelot BV
20409,nl,Lycamobile Ltd
20406,nl,Mundio/Vectone Mobile
20421,nl,NS Railinfrabeheer B.V.
20424,nl,Private Mobility Nederland BV
20498,nl,T-Mobile B.V.
20416,nl,T-Mobile B.V.
20420,nl,T-mobile/former Orange
20402,nl,Tele2
20407,nl,Teleena Holding BV
20468,nl,Unify Mobile
20418,nl,UPC Nederland BV
20404,nl,Vodafone Libertel
20403,nl,Voiceworks Mobile BV
20415,nl,Ziggo BV
362630,an,Cingular Wireless
36251,an,TELCELL GSM
36291,an,SETEL GSM
362951,an,UTS Wireless
54601,nc,OPT Mobilis
53028,nz,2degrees
53005,nz,Spark/NZ Telecom
53002,nz,Spark/NZ Telecom
53004,nz,Telstra
53024,nz,Two Degrees Mobile Ltd
53001,nz,Vodafone
53003,nz,Walker Wireless Ltd.
71021,ni,Empresa Nicaraguense de Telecomunicaciones SA (ENITEL)
71030,ni,Movistar
71073,ni,Claro
61403,ne,MOOV/TeleCel
61404,ne,Orange/Sahelc.
61401,ne,Orange/Sahelc.
61402,ne,Airtel/Zain/CelTel
62120,ng,Airtel/ZAIN/Econet
62160,ng,ETISALAT
62150,ng,Glo Mobile
62140,ng,M-Tel/Nigeria Telecom. Ltd.
62130,ng,MTN
62199,ng,Starcomms
62125,ng,Visafone
62101,ng,Visafone
55501,nu,Niue Telecom
24209,no,Com4 AS
24214,no,ICE Nordisk Mobiltelefon AS
24221,no,Jernbaneverket (GSM-R)
24220,no,Jernbaneverket (GSM-R)
24223,no,Lycamobile Ltd
24202,no,Netcom
24222,no,Network Norway AS
24205,no,Network Norway AS
24206,no,ICE Nordisk Mobiltelefon AS
24208,no,TDC Mobil A/S
24204,no,Tele2
24212,no,Telenor
24201,no,Telenor
24203,no,Teletopia
24207,no,Ventelo AS
242017,no,Ventelo AS
42203,om,Nawras
42202,om,Oman Mobile/GTO
41008,pk,Instaphone
41001,pk,Mobilink
41006,pk,Telenor
41003,pk,UFONE/PAKTel
41007,pk,Warid Telecom
41004,pk,ZONG/CMPak
55280,pw,Palau Mobile Corp. (PMC) (Palau
55201,pw,Palau National Communications Corp. (PNCC) (Palau
42505,ps,Jawwal
42506,ps,Wataniya Mobile
71401,pa,Cable & W./Mas Movil
71403,pa,Claro
71404,pa,Digicel
71402,pa,Movistar
714020,pa,Movistar
53703,pg,Digicel
53702,pg,GreenCom PNG Ltd
53701,pg,Pacific Mobile
74402,py,Claro/Hutchison
74403,py,Compa
74401,py,Hola/VOX
74405,py,TIM/Nucleo/Personal
74404,py,Tigo/Telecel
71620,pe,Claro /Amer.Mov./TIM
71610,pe,Claro /Amer.Mov./TIM
71602,pe,GlobalStar
71601,pe,GlobalStar
71606,pe,Movistar
71617,pe,Nextel
71607,pe,Nextel
71615,pe,Viettel Mobile
51500,ph,Fix Line
51501,ph,Globe Telecom
51502,ph,Globe Telecom
51588,ph,Next Mobile
51518,ph,RED Mobile/Cure
51503,ph,Smart
51505,ph,SUN/Digitel
26017,pl,Aero2 SP.
26018,pl,AMD Telecom.
26038,pl,CallFreedom Sp. z o.o.
26012,pl,Cyfrowy POLSAT S.A.
26008,pl,e-Telko
26009,pl,Lycamobile
26016,pl,Mobyland
26036,pl,Mundio Mobile Sp. z o.o.
26007,pl,Play/P4
26011,pl,NORDISK Polska
26005,pl,Orange/IDEA/Centertel
26003,pl,Orange/IDEA/Centertel
26035,pl,PKP Polskie Linie Kolejowe S.A.
26098,pl,Play/P4
26006,pl,Play/P4
26001,pl,Polkomtel/Plus
26014,pl,Sferia
26013,pl,Sferia
26010,pl,Sferia
26034,pl,T-Mobile/ERA
26002,pl,T-Mobile/ERA
26004,pl,Tele2
26015,pl,Tele2
26804,pt,Lycamobile
26803,pt,NOS/Optimus
26807,pt,NOS/Optimus
26806,pt,MEO/TMN
26801,pt,Vodafone
330110,pr,Puerto Rico Telephone Company Inc. (PRTC)
33011,pr,Puerto Rico Telephone Company Inc. (PRTC)
42701,qa,Ooredoo/Qtel
42702,qa,Vodafone
64700,re,Orange
64702,re,Outremer Telecom
64710,re,SFR
22603,ro,Cosmote
22611,ro,Enigma Systems
22616,ro,Lycamobile
22610,ro,Orange
22605,ro,RCS&RDS Digi Mobile
22602,ro,Romtelecom SA
22606,ro,Telemobil/Zapp
22601,ro,Vodafone
22604,ro,Telemobil/Zapp
25012,ru,Baykal Westcom
25028,ru,BeeLine/VimpelCom
25010,ru,DTC/Don Telecom
25013,ru,Kuban GSM
25035,ru,MOTIV/LLC Ekaterinburg-2000
25002,ru,Megafon
25001,ru,MTS
25003,ru,NCC
25016,ru,NTC
25019,ru,OJSC Altaysvyaz
25011,ru,Orensot
25092,ru,Printelefone
25004,ru,Sibchallenge
25044,ru,StavTelesot
25020,ru,Tele2/ECC/Volgogr.
25093,ru,Telecom XXL
25039,ru,UralTel
25017,ru,UralTel
25099,ru,BeeLine/VimpelCom
25005,ru,Yenisey Telecom
25015,ru,ZAO SMARTS
25007,ru,ZAO SMARTS
63514,rw,Airtel
63510,rw,MTN/Rwandacell
63513,rw,TIGO
356110,kn,Cable & Wireless
35650,kn,Digicel
35670,kn,UTS Cariglobe
358110,lc,Cable & Wireless
35830,lc,Cingular Wireless
35850,lc,Digicel (St Lucia) Limited
54927,ws,Samoatel Mobile
54901,ws,Telecom Samoa Cellular Ltd.
29201,sm,Prima Telecom
62601,st,CSTmovel
90114,n/a,AeroMobile
90111,n/a,InMarSAT
90112,n/a,Maritime Communications Partner AS
90105,n/a,Thuraya Satellite
42007,sa,Zain
42003,sa,Etihad/Etisalat/Mobily
42006,sa,Lebara Mobile
42001,sa,STC/Al Jawal
42005,sa,Virgin Mobile
42004,sa,Zain
60803,sn,Expresso/Sudatel
60801,sn,Orange/Sonatel
60802,sn,TIGO/Sentel GSM
22003,rs,MTS/Telekom Srbija
22001,rs,Telenor/Mobtel
22002,rs,Telenor/Mobtel
22005,rs,VIP Mobile
63310,sc,Airtel
63301,sc,C&W
63302,sc,Smartcom
61903,sl,Africel
61901,sl,Airtel/Zain/Celtel
61904,sl,Comium
61905,sl,Africel
61902,sl,Tigo/Millicom
61925,sl,Mobitel
52512,sg,GRID Communications Pte Ltd
52503,sg,MobileOne Ltd
52502,sg,Singtel
52501,sg,Singtel
52507,sg,Singtel
52505,sg,Starhub
52506,sg,Starhub
23103,sk,4Ka
23106,sk,O2
23101,sk,Orange
23105,sk,Orange
23115,sk,Orange
23102,sk,T-Mobile
23104,sk,T-Mobile
23199,sk,Zeleznice Slovenskej republiky (ZSR)
29341,si,Mobitel
29340,si,SI.Mobil
29310,si,Slovenske zeleznice d.o.o.
29364,si,T-2 d.o.o.
29370,si,Telemach/TusMobil/VEGA
54002,sb,bemobile
54010,sb,BREEZE
54001,sb,BREEZE
63730,so,Golis
63719,so,HorTel
63710,so,Nationlink
63760,so,Nationlink
63704,so,Somafone
63771,so,Somtel
63782,so,Somtel
63701,so,Telesom
65502,za,8.ta
65521,za,Cape Town Metropolitan
65507,za,Cell C
65510,za,MTN
65512,za,MTN
65506,za,Sentech
65501,za,Vodacom
65519,za,Wireless Business Solutions (Pty) Ltd
65903,ss,Gemtel Ltd (South Sudan
65902,ss,MTN South Sudan (South Sudan
65904,ss,Network of The World Ltd (NOW) (South Sudan
65906,ss,Zain South Sudan (South Sudan
21423,es,Lycamobile SL
21422,es,Digi Spain Telecom SL
21415,es,BT Espana  SAU
21418,es,Cableuropa SAU (ONO)
21408,es,Euskaltel SA
21420,es,fonYou Wireless SL
21432,es,ION Mobile
21421,es,Jazz Telecom SAU
21426,es,Lleida
21425,es,Lycamobile SL
21407,es,Movistar
21405,es,Movistar
21409,es,Orange
21403,es,Orange
21411,es,Orange
21417,es,R Cable y Telec. Galicia SA
21419,es,Simyo/KPN
21416,es,Telecable de Asturias SA
21427,es,Truphone
21401,es,Vodafone
21406,es,Vodafone Enabler Espana SL
21404,es,Yoigo
41305,lk,Airtel
41303,lk,Etisalat/Tigo
41308,lk,H3G Hutchison
41301,lk,Mobitel Ltd.
41302,lk,MTN/Dialog
30801,pm,Ameris
360110,vc,C & W
36010,vc,Cingular
360100,vc,Cingular
360050,vc,Digicel
36070,vc,Digicel
63400,sd,Canar Telecom
63402,sd,MTN
63422,sd,MTN
63415,sd,Sudani One
63407,sd,Sudani One
63408,sd,Vivacell
63405,sd,Vivacell
63401,sd,ZAIN/Mobitel
63406,sd,ZAIN/Mobitel
74603,sr,Digicel
74601,sr,Telesur
74602,sr,Telecommunicatiebedrijf Suriname (TELESUR)
74604,sr,UNIQA
65310,sz,Swazi MTN
65301,sz,SwaziTelecom
24035,se,42 Telecom AB
24016,se,42 Telecom AB
24026,se,Beepsend
24030,se,NextGen Mobile Ltd (CardBoardFish)
24028,se,CoolTEL Aps
24025,se,Digitel Mobile Srl
24022,se,Eu Tel AB
24027,se,Fogg Mobile AB
24018,se,Generic Mobile Systems Sweden AB
24017,se,Gotalandsnatet AB
24002,se,H3G Access AB
24004,se,H3G Access AB
24036,se,ID Mobile
24023,se,Infobip Ltd.
24011,se,Lindholmen Science Park AB
24012,se,Lycamobile Ltd
24029,se,Mercury International Carrier Services
24019,se,Mundio Mobile (Sweden) Ltd
24010,se,Spring Mobil AB
24005,se,Svenska UMTS-N
24014,se,TDC Sverige AB
24007,se,Tele2 Sverige AB
24024,se,Telenor (Vodafone)
24008,se,Telenor (Vodafone)
24006,se,Telenor (Vodafone)
24001,se,Telia Mobile
24013,se,Ventelo Sverige AB
24020,se,Wireless Maingate AB
24015,se,Wireless Maingate Nordic AB
22851,ch,BebbiCell AG
22805,ch,Comfone AG
22809,ch,Comfone AG
22807,ch,TDC Sunrise
22854,ch,Lycamobile AG
22852,ch,Mundio Mobile AG
22803,ch,Salt/Orange
22801,ch,Swisscom
22812,ch,TDC Sunrise
22802,ch,TDC Sunrise
22808,ch,TDC Sunrise
22853,ch,upc cablecom GmbH
41702,sy,MTN/Spacetel
41709,sy,Syriatel Holdings
41701,sy,Syriatel Holdings
46668,tw,ACeS Taiwan - ACeS Taiwan Telecommunications Co Ltd
46605,tw,Asia Pacific Telecom Co. Ltd (APT)
46611,tw,Chunghwa Telecom LDM
46692,tw,Chunghwa Telecom LDM
46607,tw,Far EasTone
46601,tw,Far EasTone
46606,tw,Far EasTone
46603,tw,Far EasTone
46602,tw,Far EasTone
46610,tw,Global Mobile Corp.
46656,tw,International Telecom Co. Ltd (FITEL)
46688,tw,KG Telecom
46697,tw,Taiwan Cellular
46693,tw,Mobitai
46699,tw,TransAsia
46689,tw,T-Star/VIBO
46609,tw,VMAX Telecom Co. Ltd
43604,tk,Babilon-M
43605,tk,Bee Line
43602,tk,CJSC Indigo Tajikistan
43612,tk,Tcell/JC Somoncom
43603,tk,MLT/TT mobile
43601,tk,Tcell/JC Somoncom
64008,tz,Benson Informatics Ltd
64006,tz,Dovetel (T) Ltd
64009,tz,Halotel/Viettel Ltd
64011,tz,Smile Communications Tanzania Ltd
64007,tz,Tanzania Telecommunications Company Ltd (TTCL)
64002,tz,TIGO/MIC
64001,tz,Tri Telecomm. Ltd.
64004,tz,Vodacom Ltd
64005,tz,Airtel/ZAIN/Celtel
64003,tz,Zantel/Zanzibar Telecom
52020,th,ACeS Thailand - ACeS Regional Services Co Ltd
52015,th,ACT Mobile
52003,th,Advanced Wireless Networks/AWN
52001,th,AIS/Advanced Info Service
52023,th,Digital Phone Co.
52000,th,Hutch/CAT CDMA
52005,th,Total Access (DTAC)
52018,th,Total Access (DTAC)
52004,th,True Move/Orange
52099,th,True Move/Orange
51401,tp,Telin/ Telkomcel
51402,tp,Timor Telecom
61502,tg,Telecel/MOOV
61503,tg,Telecel/MOOV
61501,tg,Togo Telecom/TogoCELL
53943,to,Shoreline Communication
53901,to,Tonga Communications
374120,tt,Bmobile/TSTT
37412,tt,Bmobile/TSTT
374130,tt,Digicel
374140,tt,LaqTel Ltd.
60501,tn,Orange
60503,tn,Oreedo/Orascom
60502,tn,TuniCell/Tunisia Telecom
60506,tn,TuniCell/Tunisia Telecom
28604,tr,AVEA/Aria
28603,tr,AVEA/Aria
28601,tr,Turkcell
28602,tr,Vodafone-Telsim
43801,tm,MTS/Barash Communication
43802,tm,Altyn Asyr/TM-Cell
376350,tc,Cable & Wireless (TCI) Ltd
376050,tc,Digicel TCI Ltd
376352,tc,IslandCom Communications Ltd.
55301,tv,Tuvalu Telecommunication Corporation (TTC)
64101,ug,Airtel/Celtel
64166,ug,i-Tel Ltd
64130,ug,K2 Telecom Ltd
64110,ug,MTN Ltd.
64114,ug,Orange
64133,ug,Smile Communications Uganda Ltd
64118,ug,Suretelecom Uganda Ltd
64111,ug,Uganda Telecom Ltd.
64122,ug,Airtel/Warid
25506,ua,Astelit/LIFE
25505,ua,Golden Telecom
25539,ua,Golden Telecom
25504,ua,Intertelecom Ltd (IT)
25567,ua,KyivStar
25503,ua,KyivStar
25521,ua,Telesystems Of Ukraine CJSC (TSU)
25507,ua,TriMob LLC
25550,ua,UMC/MTS
25502,ua,Beeline
25501,ua,UMC/MTS
25568,ua,Beeline
42403,ae,DU
43002,ae,Etisalat
42402,ae,Etisalat
43102,ae,Etisalat
23403,gb,Airtel/Vodafone
23477,gb,BT Group
23476,gb,BT Group
23407,gb,Cable and Wireless
23492,gb,Cable and Wireless
23436,gb,Cable and Wireless Isle of Man
23418,gb,Cloud9/wire9 Tel.
23502,gb,Everyth. Ev.wh.
23417,gb,FlexTel
23455,gb,Guernsey Telecoms
23414,gb,HaySystems
23494,gb,H3G Hutchinson
23420,gb,H3G Hutchinson
23475,gb,Inquam Telecom Ltd
23450,gb,Jersey Telecom
23435,gb,JSC Ingenicum
23426,gb,Lycamobile
23458,gb,Manx Telecom
23401,gb,Mapesbury C. Ltd
23428,gb,Marthon Telecom
23410,gb,O2 Ltd.
23402,gb,O2 Ltd.
23411,gb,O2 Ltd.
23408,gb,OnePhone
23416,gb,Opal Telecom
23434,gb,Everyth. Ev.wh./Orange
23433,gb,Everyth. Ev.wh./Orange
23419,gb,PMN/Teleware
23412,gb,Railtrack Plc
23422,gb,Routotelecom
23457,gb,Sky UK Limited
23424,gb,Stour Marine
23437,gb,Synectiv Ltd.
23431,gb,Everyth. Ev.wh./T-Mobile
23430,gb,Everyth. Ev.wh./T-Mobile
23432,gb,Everyth. Ev.wh./T-Mobile
23427,gb,Vodafone
23409,gb,Tismi
23425,gb,Truphone
23451,gb,Jersey Telecom
23423,gb,Vectofone Mobile Wifi
23491,gb,Vodafone
23415,gb,Vodafone
23478,gb,Wave Telecom Ltd
310850,us,Aeris Comm. Inc.
310510,us,Airtel Wireless LLC
312090,us,Allied Wireless Communications Corporation
310710,us,Arctic Slope Telephone Association Cooperative Inc.
310070,us,AT&T Wireless Inc.
310560,us,AT&T Wireless Inc.
310410,us,AT&T Wireless Inc.
310380,us,AT&T Wireless Inc.
310170,us,AT&T Wireless Inc.
310150,us,AT&T Wireless Inc.
310680,us,AT&T Wireless Inc.
310980,us,AT&T Wireless Inc.
311810,us,Bluegrass Wireless LLC
311800,us,Bluegrass Wireless LLC
311440,us,Bluegrass Wireless LLC
310900,us,Cable & Communications Corp.
311590,us,California RSA No. 3 Limited Partnership
311500,us,Cambridge Telephone Company Inc.
310830,us,Caprock Cellular Ltd.
311275,us,Verizon Wireless
311480,us,Verizon Wireless
310012,us,Verizon Wireless
311280,us,Verizon Wireless
311485,us,Verizon Wireless
311110,us,Verizon Wireless
311285,us,Verizon Wireless
311274,us,Verizon Wireless
311390,us,Verizon Wireless
310010,us,Verizon Wireless
311279,us,Verizon Wireless
311484,us,Verizon Wireless
310910,us,Verizon Wireless
311284,us,Verizon Wireless
311489,us,Verizon Wireless
311273,us,Verizon Wireless
311289,us,Verizon Wireless
310004,us,Verizon Wireless
311278,us,Verizon Wireless
311483,us,Verizon Wireless
310890,us,Verizon Wireless
311283,us,Verizon Wireless
311488,us,Verizon Wireless
311272,us,Verizon Wireless
311288,us,Verizon Wireless
311277,us,Verizon Wireless
311482,us,Verizon Wireless
310590,us,Verizon Wireless
311282,us,Verizon Wireless
311487,us,Verizon Wireless
311271,us,Verizon Wireless
311287,us,Verizon Wireless
311276,us,Verizon Wireless
311481,us,Verizon Wireless
310013,us,Verizon Wireless
311281,us,Verizon Wireless
311486,us,Verizon Wireless
311270,us,Verizon Wireless
311286,us,Verizon Wireless
310360,us,Cellular Network Partnership LLC
312280,us,Cellular Network Partnership LLC
312270,us,Cellular Network Partnership LLC
310480,us,Choice Phone LLC
311120,us,Choice Phone LLC
310420,us,Cincinnati Bell Wireless LLC
310180,us,Cingular Wireless
310620,us,Coleman County Telco /Trans TX
31006,us,Consolidated Telcom
31060,us,Consolidated Telcom
310700,us,Cross Valliant Cellular Partnership
312030,us,Cross Wireless Telephone Co.
311140,us,Cross Wireless Telephone Co.
312040,us,Custer Telephone Cooperative Inc.
310440,us,Dobson Cellular Systems
310990,us,E.N.M.R. Telephone Coop.
312130,us,East Kentucky Network LLC
312120,us,East Kentucky Network LLC
310750,us,East Kentucky Network LLC
310090,us,Edge Wireless LLC
310610,us,Elkhart TelCo. / Epic Touch Co.
311311,us,Farmers
311460,us,Fisher Wireless Services Inc.
310430,us,GCI Communication Corp.
311370,us,GCI Communication Corp.
310920,us,Get Mobile Inc.
311340,us,Illinois Valley Cellular RSA 2 Partnership
312170,us,Iowa RSA No. 2 Limited Partnership
311410,us,Iowa RSA No. 2 Limited Partnership
310770,us,Iowa Wireless Services LLC
310650,us,Jasper
310870,us,Kaplan Telephone Company Inc.
310690,us,Keystone Wireless LLC
312180,us,Keystone Wireless LLC
311310,us,Lamar County Cellular
310016,us,Leap Wireless International Inc.
310040,us,Matanuska Tel. Assn. Inc.
310780,us,Message Express Co. / Airlink PCS
311330,us,Michigan Wireless LLC
310400,us,Minnesota South. Wirel. Co. / Hickory
312010,us,Missouri RSA No 5 Partnership
311920,us,Missouri RSA No 5 Partnership
311020,us,Missouri RSA No 5 Partnership
311010,us,Missouri RSA No 5 Partnership
312220,us,Missouri RSA No 5 Partnership
310350,us,Mohave Cellular LP
310570,us,MTPCS LLC
310290,us,NEP Cellcorp Inc.
31034,us,Nevada Wireless LLC
310600,us,New-Cell Inc.
311300,us,Nexus Communications Inc.
310130,us,North Carolina RSA 3 Cellular Tel. Co.
312230,us,North Dakota Network Company
311610,us,North Dakota Network Company
310450,us,Northeast Colorado Cellular Inc.
311710,us,Northeast Wireless Networks LLC
310670,us,Northstar
310011,us,Northstar
311420,us,Northwest Missouri Cellular Limited Partnership
310760,us,Panhandle Telephone Cooperative Inc.
310580,us,PCS ONE
311170,us,PetroCom
311670,us,Pine Belt Cellular Inc.
310100,us,Plateau Telecommunications Inc.
310940,us,Poka Lambro Telco Ltd.
310500,us,Public Service Cellular Inc.
312160,us,RSA 1 Limited Partnership
311430,us,RSA 1 Limited Partnership
311350,us,Sagebrush Cellular Inc.
31046,us,SIMMETRY
311260,us,SLO Cellular Inc / Cellular One of San Luis
310320,us,Smith Bagley Inc.
316011,us,Southern Communications Services Inc.
312530,us,Sprint Spectrum
311490,us,Sprint Spectrum
310120,us,Sprint Spectrum
316010,us,Sprint Spectrum
312190,us,Sprint Spectrum
311880,us,Sprint Spectrum
311870,us,Sprint Spectrum
310160,us,T-Mobile
310240,us,T-Mobile
310660,us,T-Mobile
310230,us,T-Mobile
31031,us,T-Mobile
310220,us,T-Mobile
310270,us,T-Mobile
310210,us,T-Mobile
310260,us,T-Mobile
310200,us,T-Mobile
310250,us,T-Mobile
310330,us,T-Mobile
310800,us,T-Mobile
310300,us,T-Mobile
310280,us,T-Mobile
310310,us,T-Mobile
310740,us,Telemetrix Inc.
31014,us,Testing
310860,us,Texas RSA 15B2 Limited Partnership
311050,us,Thumb Cellular Limited Partnership
311830,us,Thumb Cellular Limited Partnership
310460,us,TMP Corporation
310490,us,Triton PCS
312290,us,Uintah Basin Electronics Telecommunications Inc.
311860,us,Uintah Basin Electronics Telecommunications Inc.
310960,us,Uintah Basin Electronics Telecommunications Inc.
310020,us,Union Telephone Co.
310730,us,United States Cellular Corp.
311220,us,United States Cellular Corp.
311650,us,United Wireless Communications Inc.
31038,us,USA 3650 AT&T
310520,us,VeriSign
310530,us,West Virginia Wireless
310340,us,Westlink Communications LLC
311070,us,Wisconsin RSA #7 Limited Partnership
310390,us,Yorkville Telephone Cooperative
74801,uy,Ancel/Antel
74803,uy,Ancel/Antel
74810,uy,Claro/AM Wireless
74807,uy,MOVISTAR
43404,uz,Bee Line/Unitel
43401,uz,Buztel
43407,uz,MTS/Uzdunrobita
43405,uz,Ucell/Coscom
43402,uz,Uzmacom
54105,vu,DigiCel
54101,vu,SMILE
73403,ve,DigiTel C.A.
73402,ve,DigiTel C.A.
73401,ve,DigiTel C.A.
73406,ve,Movilnet C.A.
73404,ve,Movistar/TelCel
45207,vn,Beeline
45201,vn,Mobifone
45203,vn,S-Fone/Telecom
45205,vn,VietnaMobile
45208,vn,Viettel Mobile
45206,vn,Viettel Mobile
45204,vn,Viettel Mobile
45202,vn,Vinaphone
37650,vi,Digicel
42104,ye,HITS/Y Unitel
42102,ye,MTN/Spacetel
42101,ye,Sabaphone
42103,ye,Yemen Mob. CDMA
64503,zm,Zamtel/Cell Z/MTS
64502,zm,MTN/Telecel
64501,zm,Airtel/Zain/Celtel
64804,zw,Econet
64801,zw,Net One
64803,zw,Telecel
